TransactionID,StoreID,ProductID,Quantity,Price,TotalSale,Timestamp
10001,13,1001,7665,18594.72,361,2023-04-05 13:51:38
10002,10,1002,268,42359.19,7672,2023-02-13 08:16:03
10003,7,1003,,43024.12,,
10004,,1004,5877,35809.47,2048,2022-07-13 17:11:14
10005,8,1005,5455,,996,2023-02-11 18:17:46
10006,14,1006,2334,71544.53,6665,2022-11-21 04:38:28
10007,18,1007,6681,80930.58,63,2023-04-21 15:40:14
10008,5,1008,6315,60804.33,6216,2022-07-29 19:44:00
10009,20,1009,7641,10991.14,2328,2022-12-01 18:15:54
10010,19,1010,5254,59636.07,398,2022-10-26 14:24:17
10011,12,1011,5911,27949.94,3777,2023-02-09 22:54:42
10012,6,1012,4393,37951.29,5034,2022-06-13 12:14:17
,6,1013,8737,13584.1,6426,2022-11-28 02:52:35
10014,19,1014,7425,85381.4,5346,2022-08-31 10:47:34
,4,1015,,53350.28,,
10016,13,1016,4355,58072.39,5258,2022-09-13 05:41:28
10017,7,1017,,,,
,13,1018,8880,,2386,2022-10-06 08:59:58
10019,15,1019,667,53709.08,1922,2022-07-05 19:41:20
10020,16,1020,4537,87353.45,9433,2023-03-17 18:47:54
10021,6,1021,1054,69415.12,6412,2022-08-12 00:28:32
10022,6,,1968,53421.81,1864,2023-03-31 00:27:22
10023,18,1023,9395,88613.38,7090,2023-05-22 19:26:00
10024,,1024,6969,,3641,2022-06-07 12:04:16
,18,1025,5113,12234.86,6728,2023-03-03 16:52:56
10026,13,1026,4841,39513.33,5354,2022-06-07 00:07:20
10027,18,1027,6489,71139.27,6243,2023-02-16 01:20:27
10028,5,1028,2747,42331.21,3106,2023-02-04 11:23:40
10029,18,1029,1680,32112.86,9183,2022-08-21 23:33:27
10030,16,1030,2279,47877.85,4126,2023-03-25 18:32:24
10031,8,1031,9792,57672.46,3666,2022-10-18 20:34:36
10032,3,1032,2284,74340.98,7285,2023-05-16 22:07:10
10033,18,1033,7228,44621.85,8742,2022-10-01 11:41:27
10034,1,1034,7537,93976.1,227,2022-08-28 20:24:26
10035,9,1035,8618,69076.67,6745,2023-05-21 20:51:16
10036,13,1036,9228,66491.79,7591,2022-09-18 18:43:51
10037,16,1037,8750,84033.01,3958,2022-07-23 07:45:48
10038,16,1038,137,92872.37,840,2022-06-16 20:40:39
10039,11,1039,1856,14249.14,9256,2022-06-10 21:31:24
10040,13,1040,3819,12862.08,6312,2022-06-01 16:52:32
10041,12,1041,,24502.93,,
10042,16,1042,5654,32217.72,1099,2023-04-30 05:39:03
10043,10,1043,1852,71874.56,5465,2022-08-08 05:50:59
10044,11,1044,8941,7670.32,9124,2022-12-31 05:39:19
10045,18,1045,965,24280.31,4234,2022-08-22 20:20:27
10046,,1046,,,,
10047,19,1047,6088,20120.15,7690,2022-08-11 02:06:30
10048,12,1048,7156,86119.66,3049,2022-06-29 05:31:41
10049,6,1049,4617,13322.18,6611,2022-07-04 01:18:06
10050,18,1050,4479,,1634,2022-10-25 13:58:58
,8,1051,7216,,5480,2022-10-21 20:57:00
10052,2,1052,1155,42941.88,7267,2022-12-31 21:00:49
10053,18,1053,8811,49318.27,7878,2022-12-22 16:46:52
10054,13,1054,1992,6014.29,9299,2022-08-14 19:19:37
10055,4,1055,3078,54970.56,8840,2023-01-05 02:28:59
,19,1056,1654,86482.08,5666,2023-05-19 07:51:41
10057,16,1057,8333,2186.87,1311,2023-01-08 13:58:06
10058,7,1058,6356,45564.05,3550,2022-12-25 22:51:09
10059,10,1059,5264,63160.22,767,2022-11-16 13:50:32
10060,10,1060,4321,46066.72,404,2023-04-28 04:13:21
10061,11,1061,2443,57872.28,9233,2022-05-30 05:14:22
,1,1062,7208,94814.5,1319,2022-12-12 06:17:41
10063,1,1063,9388,25540.07,4096,2022-09-04 18:06:38
10064,1,1064,5844,93746.32,1716,2022-12-18 06:42:06
10065,19,1065,1248,91596.71,496,2022-09-21 13:13:11
10066,4,,5922,,4536,2022-12-11 03:15:06
10067,8,1067,6247,28028.1,9919,2022-07-05 04:46:18
10068,,1068,4326,33673.49,5653,2022-06-09 11:27:08
10069,2,1069,8542,12261.77,6849,2022-05-31 11:03:12
10070,12,1070,8363,78885.07,681,2023-02-14 19:02:21
10071,7,1071,5428,2939.42,2457,2022-07-07 21:51:33
10072,,1072,6701,73542.53,2406,2022-12-08 23:59:58
10073,6,1073,8343,98770.21,8551,2022-07-17 23:43:26
10074,14,1074,9897,60166.92,8904,2022-09-08 16:12:45
10075,19,1075,5416,43596.12,7438,2023-04-29 04:44:56
10076,2,1076,4362,1761.21,8516,2022-07-28 14:52:43
10077,12,1077,,70835.91,,
10078,8,1078,6232,12454.97,7499,2022-06-21 17:21:27
10079,10,1079,9711,84075.74,3875,2022-09-01 15:16:37
10080,9,1080,8515,70752.38,2570,2022-09-14 16:15:01
10081,11,1081,2008,85561.25,9404,2022-07-11 18:28:57
10082,16,1082,6524,67165.3,2764,2023-02-14 22:23:21
10083,19,1083,2974,95960.43,4591,2023-02-13 15:08:47
10084,20,1084,3374,6334.6,4519,2023-02-06 19:56:09
10085,9,1085,9676,91059.92,4000,2022-12-09 09:44:51
10086,12,1086,5533,93017.25,3967,2022-08-29 12:02:38
,8,1087,6538,90601.39,8206,2022-07-27 22:34:44
10088,10,1088,8003,76674.14,5792,2023-02-21 00:19:00
10089,6,1089,3191,74105.35,1780,2022-09-01 08:18:24
10090,20,1090,241,4773.77,27,2023-03-22 17:55:25
10091,4,1091,4389,30986.5,4581,2023-05-21 07:51:12
10092,7,1092,659,76008.54,921,2022-07-31 03:08:05
,10,1093,,,,
10094,18,1094,1954,77288.97,5203,2022-07-28 20:05:11
,17,1095,9900,64200.95,4376,2023-03-20 09:39:14
10096,10,1096,1950,32841.32,9587,2022-12-04 03:28:23
10097,15,1097,4736,72387.35,6274,2023-01-21 18:04:59
10098,9,1098,3976,4938.7,4665,2023-02-10 16:14:22
10099,20,1099,7740,6958.41,811,2022-05-25 22:56:52
10100,2,1100,6533,,4301,2023-01-01 14:37:15
10101,11,1101,768,87843.22,2795,2022-12-20 02:26:47
,11,1102,7448,62237.72,8954,2022-10-06 17:46:44
10103,11,,3516,17161.87,9006,2023-04-07 04:02:34
10104,18,1104,1393,17045.59,6563,2023-02-01 01:30:13
10105,2,1105,6306,3962.41,9279,2023-02-13 07:43:21
,10,,4101,,9840,2023-01-19 13:12:05
10107,14,1107,549,13145.1,9885,2022-06-07 07:45:11
10108,5,1108,6942,,3285,2022-07-19 19:06:34
10109,1,1109,5082,58028.38,9680,2023-02-15 10:11:15
10110,13,1110,3861,28659.79,948,2022-05-30 03:03:54
10111,9,,4540,65271.93,1829,2022-11-03 23:44:51
10112,8,1112,2291,91949.54,5638,2022-09-10 08:22:29
10113,5,1113,9950,47204.18,2368,2022-10-17 06:21:23
10114,7,1114,177,41707.36,5217,2022-07-19 20:25:14
10115,9,1115,7543,90075.9,412,2023-03-08 09:17:34
10116,3,1116,9197,,2757,2022-10-21 07:09:51
10117,18,1117,3066,,6123,2023-04-09 19:16:45
10118,18,1118,5908,,231,2022-06-02 06:56:29
10119,,1119,6580,3566.1,6251,2022-06-25 20:48:04
10120,,1120,9665,38216.61,7553,2022-09-11 11:10:34
10121,12,1121,3066,51149.81,9409,2022-07-14 14:43:53
10122,5,1122,3537,72827.18,170,2023-04-10 03:54:25
10123,19,1123,8262,26078.17,2010,2022-08-24 01:06:55
10124,6,1124,821,80007.37,7539,2023-03-16 00:49:49
10125,4,1125,5664,7198.81,8165,2022-09-07 04:10:22
10126,2,1126,4174,1674.58,7970,2022-09-11 19:31:03
10127,10,1127,,69686.72,,
10128,10,1128,733,64579.31,7205,2023-03-12 20:33:32
,13,1129,6723,49165.11,8611,2022-10-18 15:02:07
10130,,1130,11,18130.64,7255,2023-03-25 07:37:10
10131,,1131,6001,6727.79,1037,2023-03-16 08:06:18
10132,2,1132,2332,32166.11,3490,2023-05-12 03:57:16
10133,15,1133,1675,11639.59,8215,2023-02-25 06:00:38
10134,16,1134,6465,59271.96,3364,2022-09-30 03:25:12
10135,6,1135,,,,
10136,12,1136,723,25518.63,3325,2022-08-10 17:54:42
,,1137,1963,,9000,2022-07-29 12:40:43
10138,7,1138,3543,,9158,2022-11-08 17:41:28
10139,8,1139,4599,23249.9,5225,2023-03-25 18:03:20
10140,18,,6566,80647.28,1463,2022-07-29 14:15:27
10141,6,1141,9370,82441.26,4367,2022-09-14 04:03:45
10142,5,1142,685,85801.39,2255,2022-07-15 06:26:24
10143,13,1143,7887,13156.31,4447,2022-06-28 23:55:09
10144,10,1144,6833,8592.78,6223,2022-09-01 01:46:47
,3,1145,7981,96265.09,3832,2022-12-19 13:58:25
10146,,1146,,92111.26,,
10147,14,1147,1885,77766.32,1256,2022-09-15 20:21:22
10148,17,1148,3634,76506.66,3171,2022-07-22 14:45:37
10149,5,1149,5585,1899.59,3566,2023-01-10 22:29:09
10150,12,,8007,7485.24,5663,2023-03-01 01:05:54
10151,5,1151,2219,81493.23,1717,2023-05-22 16:05:06
10152,19,1152,8870,11355.47,1338,2023-02-08 08:57:56
10153,13,1153,454,17721.43,8524,2023-02-17 21:21:24
10154,1,1154,5297,22026.36,7609,2022-10-04 04:27:34
10155,5,1155,8013,85405.3,204,2022-11-06 11:46:43
,2,1156,58,,6940,2022-08-01 12:37:04
10157,5,1157,1535,24055.17,1267,2023-03-01 06:34:44
,17,1158,644,38156.05,3646,2022-07-01 15:37:00
10159,7,1159,2408,57156.06,6972,2023-05-14 13:54:42
10160,6,1160,957,169.2,3831,2023-02-06 15:24:14
10161,20,1161,,60988.32,,
10162,20,1162,,64805.8,,
10163,13,1163,9577,28993.55,6889,2022-06-14 22:15:54
10164,19,1164,5474,5883.55,6263,2023-02-13 06:50:08
,12,1165,6619,43239.58,5851,2022-10-06 04:29:13
10166,4,1166,6780,15264.32,6723,2022-12-20 12:09:41
10167,5,1167,4717,86992.32,4538,2022-12-18 17:09:40
10168,20,1168,5571,58528.84,9997,2023-03-02 14:25:34
,4,1169,4591,87205.19,6217,2022-11-13 20:21:15
10170,,1170,8274,36481.08,5477,2022-09-17 22:19:44
10171,7,1171,6269,61691.2,505,2022-07-31 06:08:10
10172,4,1172,9265,53026.77,7634,2022-07-05 15:51:18
10173,11,1173,5552,83271.2,3335,2022-08-16 19:55:00
10174,3,1174,4586,8620.07,9967,2022-12-26 01:56:32
10175,5,1175,4970,4736.74,9082,2022-06-12 19:53:15
10176,16,1176,8358,57177.63,9447,2022-10-07 10:58:33
10177,19,1177,3981,74420.62,6750,2023-05-22 17:53:49
10178,2,1178,3497,42744.82,7211,2022-10-21 16:24:47
10179,12,1179,6628,,9362,2022-05-26 17:09:56
,18,1180,853,42827.91,445,2022-10-08 10:14:41
10181,2,1181,9815,25317.4,522,2022-08-07 19:28:06
10182,8,1182,5375,97472.22,4614,2023-02-19 20:16:33
10183,,1183,6372,18924.04,1720,2022-08-30 04:00:36
10184,5,1184,3488,68868.75,2597,2023-01-16 02:19:57
10185,19,1185,4543,56595.69,7166,2023-05-16 22:59:39
10186,19,1186,5652,,1704,2023-04-23 03:19:48
10187,8,1187,1951,72929.76,6245,2023-05-06 09:19:48
,19,1188,5029,1482.02,9814,2022-07-14 03:29:27
,18,1189,3218,42663.98,8696,2022-09-10 12:34:14
10190,17,1190,3577,8331.14,3795,2023-03-01 20:18:43
10191,19,1191,1417,70207.94,8940,2022-09-30 11:48:58
10192,11,1192,2409,80941.02,2960,2022-06-20 02:10:03
10193,16,,8991,52690.41,9559,2022-10-28 16:56:40
10194,19,1194,8829,,153,2022-12-29 07:30:16
10195,,1195,2708,33568.19,713,2022-10-14 15:49:48
10196,4,1196,2438,,8564,2022-08-02 08:51:17
10197,9,1197,,92590.98,,
10198,,1198,4601,66024.62,2204,2023-04-11 05:45:58
10199,10,1199,6386,,2301,2022-10-29 09:55:53
10200,,1200,,8340.93,,
10201,6,1201,9644,42095.62,2067,2023-03-18 16:09:06
10202,9,1202,9261,43723.39,4131,2023-02-05 22:23:21
10203,11,1203,7796,86857.29,2650,2023-02-19 18:45:47
10204,17,1204,3724,,2284,2023-02-12 05:17:29
10205,8,1205,9921,28247.12,581,2022-11-14 07:32:22
,17,1206,5566,,1790,2022-12-21 00:15:57
10207,15,1207,251,64439.49,3550,2022-08-15 04:10:46
10208,6,1208,4533,69715.48,6436,2023-02-01 08:33:42
10209,9,1209,2112,,9700,2023-04-09 17:54:15
10210,5,,1742,97359.74,3912,2022-06-26 21:40:33
,2,1211,9130,96012.12,4264,2023-03-05 05:14:31
10212,15,1212,9790,74285.62,5297,2022-06-14 08:13:33
10213,19,1213,1834,86018.59,6460,2023-04-30 05:54:23
10214,,1214,7885,31232.97,8997,2022-08-19 23:54:19
10215,12,1215,4723,45515.72,7509,2022-07-17 09:42:07
,5,1216,4018,46571.66,5784,2022-05-25 19:42:26
10217,18,1217,,84434.41,,
10218,20,1218,8731,,9349,2022-06-24 01:11:20
10219,9,,1350,99828.31,4501,2022-06-06 06:42:55
10220,4,1220,,84426.11,,
,18,1221,4695,38329.66,7580,2022-09-24 02:37:29
10222,9,1222,5156,63323.9,3004,2022-08-16 22:37:21
10223,,1223,7877,23836.49,1058,2022-07-14 12:04:21
10224,9,1224,3285,53039.7,5100,2023-04-26 13:42:18
10225,1,1225,7768,9884.01,2807,2022-07-05 06:42:22
10226,15,1226,9847,3020.22,4112,2022-06-06 05:18:40
,8,1227,3050,,4126,2023-04-17 18:55:01
10228,9,1228,7428,16997.78,2965,2022-06-04 03:49:01
10229,16,1229,131,8367.38,234,2023-03-27 13:56:15
10230,10,1230,4076,,6234,2022-09-18 01:09:42
,6,1231,5247,42469.62,643,2023-05-09 10:47:52
10232,12,1232,1779,9080.35,4973,2022-12-25 10:13:43
10233,15,1233,,45243.06,,
10234,20,1234,3815,,6108,2023-01-08 23:24:36
10235,11,1235,1035,78394.75,4512,2023-04-18 06:16:21
10236,9,1236,165,4898.44,5381,2023-01-26 17:42:47
10237,10,1237,3072,59675.25,8199,2022-10-09 09:15:20
,11,,842,42955.02,2381,2022-11-26 20:14:33
10239,19,1239,3703,,5993,2023-05-03 16:41:22
10240,11,1240,3150,43673.32,1787,2023-03-16 15:10:34
10241,,1241,3968,21447.8,8177,2023-05-02 12:18:41
10242,11,1242,8115,95425.73,286,2022-12-18 05:42:26
10243,6,1243,6322,,7430,2022-12-13 09:56:01
10244,13,1244,9299,46527.67,7556,2022-08-08 00:49:55
10245,12,1245,3478,78133.28,6604,2023-02-27 05:06:30
10246,19,1246,900,5053.6,5749,2023-03-20 09:05:30
,12,1247,7236,71962.82,2210,2023-05-22 21:48:48
10248,12,1248,7315,37860.66,6292,2023-03-24 01:08:17
10249,2,1249,4651,11088.38,6923,2023-04-16 23:33:31
10250,17,1250,4786,12145.14,2265,2022-11-04 13:56:34
10251,19,1251,1205,96479.39,2851,2023-03-26 06:15:01
10252,10,1252,6351,48738.47,9241,2023-02-19 06:46:04
10253,3,1253,5045,37495.98,2945,2022-09-25 17:45:01
10254,10,1254,3375,26146.49,6300,2022-09-27 20:21:53
10255,3,1255,142,70696.17,581,2023-02-24 17:19:42
10256,11,1256,2402,62545.94,9749,2022-10-31 13:38:46
10257,18,,228,5114.61,480,2022-06-07 15:20:46
10258,11,1258,169,70892.0,1013,2022-10-09 03:30:43
10259,14,1259,1967,38467.57,5711,2022-11-28 20:12:48
10260,11,1260,9150,1641.37,1622,2022-10-09 02:03:02
10261,17,1261,4651,42106.97,5704,2022-08-09 19:03:56
10262,,1262,1770,45004.95,3876,2022-08-05 22:27:34
10263,16,1263,511,13936.62,433,2022-11-07 03:13:26
10264,1,1264,9191,46841.39,2927,2022-07-24 09:51:46
10265,9,1265,6256,,4003,2023-02-28 17:09:49
10266,19,1266,2125,76548.65,9410,2022-07-29 14:40:29
10267,16,1267,8773,6321.54,5993,2023-04-11 04:11:40
10268,7,1268,7789,95399.41,8793,2022-06-13 07:51:23
10269,7,1269,4259,84431.33,8807,2022-06-30 21:55:32
10270,13,1270,6887,97672.53,6055,2022-12-13 01:15:09
10271,,1271,5266,58881.34,3806,2022-07-24 23:56:35
10272,12,1272,3404,24854.31,9626,2022-07-02 08:18:55
10273,18,1273,,25730.49,,
10274,2,1274,5046,,5001,2023-02-14 13:57:12
10275,9,1275,1382,93526.61,6182,2022-12-21 08:45:40
10276,20,1276,8857,70681.36,652,2022-09-20 12:15:27
10277,5,1277,1207,,3682,2022-10-21 22:09:39
10278,16,1278,8555,60196.38,596,2022-07-26 23:43:13
10279,19,1279,,42401.91,,
10280,11,1280,7707,19314.22,5944,2022-06-17 23:33:17
10281,8,1281,2626,30455.29,3349,2022-10-10 19:36:56
,16,1282,4625,,3804,2022-10-28 21:21:19
10283,17,1283,691,40580.4,8131,2023-04-21 20:03:48
10284,2,1284,5746,51420.1,2012,2022-06-09 22:49:21
10285,6,1285,3696,30151.41,2159,2022-08-22 08:06:47
10286,5,1286,5804,22996.46,8280,2022-09-25 06:08:24
,19,1287,8813,21471.35,8528,2023-04-16 00:02:52
10288,,1288,8789,74243.82,2437,2023-01-30 18:37:09
10289,5,1289,6449,98834.38,5057,2023-02-20 15:35:24
,4,1290,272,13391.75,129,2023-04-02 11:08:05
10291,11,1291,8829,72666.15,1943,2022-12-28 12:50:51
10292,2,1292,3046,34288.25,87,2023-03-16 21:56:23
,6,1293,321,94640.64,3328,2023-05-20 15:59:44
10294,11,1294,4166,85380.69,3486,2022-07-30 17:01:38
10295,2,1295,9333,60104.41,8730,2022-08-01 05:38:28
10296,5,1296,3538,39236.44,2637,2022-11-01 13:03:22
10297,10,1297,902,40609.43,13,2022-09-27 11:39:50
10298,16,1298,9519,41094.34,8401,2023-03-28 06:41:13
10299,,1299,5509,61903.99,4229,2022-12-03 17:28:49
10300,4,1300,1166,95121.49,2618,2023-02-27 03:06:08
10301,3,1301,7872,3222.93,1203,2023-02-11 05:07:55
10302,19,1302,2980,53549.32,3009,2023-02-21 20:21:36
10303,2,1303,5208,55062.26,7116,2022-09-04 14:47:47
10304,18,1304,8815,81671.45,7247,2022-11-02 09:24:15
10305,4,1305,109,7283.68,9549,2023-03-05 00:22:19
10306,19,1306,8808,64429.91,1350,2022-08-04 09:09:40
10307,12,1307,8918,,680,2022-10-19 20:55:46
10308,11,1308,3965,,5064,2022-10-09 04:42:25
10309,18,1309,4916,65538.55,5496,2023-02-08 00:35:39
10310,6,1310,1483,24537.21,586,2022-10-16 15:37:17
10311,10,1311,4442,37622.06,406,2022-08-25 17:44:09
10312,4,1312,9936,61354.64,7717,2022-12-10 06:42:54
10313,5,,5837,40070.94,1692,2022-09-23 18:54:40
10314,,1314,7057,68787.11,5277,2022-12-28 16:49:39
10315,12,1315,3649,35695.27,1806,2022-10-20 09:05:28
10316,4,1316,4312,84940.06,9089,2022-07-08 05:18:53
10317,4,1317,5301,,2156,2023-02-04 13:47:58
10318,15,1318,9224,,6020,2023-02-10 08:01:56
10319,6,1319,8768,94364.29,2329,2023-04-08 18:50:16
10320,10,1320,166,70215.99,2855,2023-04-12 03:33:50
10321,14,1321,6316,83881.78,8695,2022-11-29 04:01:43
10322,,1322,1968,74492.17,3226,2023-04-22 09:08:58
10323,5,1323,1358,90133.84,6356,2023-02-15 02:27:53
10324,4,1324,1220,5133.41,1758,2022-12-15 04:18:00
10325,,1325,3281,54350.54,5733,2022-08-15 00:44:55
10326,19,1326,3333,98432.17,3689,2022-06-03 11:16:41
10327,11,1327,7638,2570.43,3489,2022-11-01 08:20:20
10328,20,1328,6179,,4001,2022-07-12 12:53:33
10329,7,1329,2896,44227.46,4181,2022-09-05 09:42:37
10330,,1330,6865,,1359,2022-11-22 22:13:20
10331,6,1331,,,,
10332,14,1332,9301,,3671,2023-05-14 11:03:16
10333,15,1333,6641,12361.45,1765,2023-05-05 13:02:21
10334,12,1334,1345,12307.69,648,2022-08-27 00:07:10
10335,,1335,2344,22147.66,79,2022-12-10 01:04:23
10336,6,1336,7863,36432.6,8798,2022-08-15 17:37:08
10337,20,,5269,33536.53,4309,2022-11-08 16:00:22
10338,8,1338,7717,37657.73,5474,2022-12-04 16:18:44
10339,6,1339,3769,18773.08,3095,2022-11-06 15:30:12
10340,,1340,8344,6931.14,6435,2022-09-21 11:23:30
10341,17,1341,2185,60762.37,3300,2022-10-14 00:06:40
10342,5,1342,745,14788.4,1369,2023-04-12 17:47:49
10343,8,1343,9989,77392.67,5643,2023-02-26 05:24:30
10344,10,1344,2142,23146.67,3988,2022-10-11 19:07:35
10345,8,1345,9572,9348.68,5000,2023-01-13 16:13:46
10346,18,1346,9486,13400.73,1441,2022-08-12 09:51:16
10347,5,1347,3101,1367.52,9699,2023-04-28 17:48:20
10348,9,1348,,,,
10349,8,1349,4722,49397.34,3046,2022-12-04 16:43:53
10350,20,1350,4052,62451.2,8161,2022-05-26 04:30:06
10351,6,1351,1071,,9428,2022-10-17 06:32:42
10352,9,1352,5510,51576.91,5718,2022-11-22 04:06:58
10353,13,1353,7749,96646.48,1792,2023-02-15 01:52:43
10354,14,1354,3221,17188.17,9531,2022-12-24 11:24:11
10355,1,1355,509,11594.85,843,2022-12-26 23:37:57
10356,17,1356,7359,70803.12,3507,2023-03-16 23:36:16
10357,16,1357,6640,66803.91,3195,2022-07-14 16:36:16
,3,1358,,39423.46,,
10359,10,1359,5012,42157.49,2804,2022-08-24 19:55:07
10360,12,1360,8520,20204.17,3378,2023-03-15 13:45:47
10361,16,1361,,,,
10362,,1362,1671,25740.96,7254,2023-05-17 22:01:10
,1,1363,9352,96464.9,2999,2023-01-29 08:20:20
10364,5,1364,8468,91507.1,8629,2022-05-26 05:25:51
10365,,1365,2088,122.03,6384,2022-07-05 10:11:13
10366,20,1366,8785,32939.96,5849,2023-02-21 14:54:49
10367,17,1367,1375,85877.22,7850,2022-12-07 18:58:04
10368,17,1368,6261,71253.76,9231,2023-04-07 12:13:36
10369,11,1369,5380,,5327,2023-05-09 03:57:38
10370,12,,4132,45973.1,5855,2023-05-16 07:15:30
,17,1371,5585,74671.92,8358,2022-08-30 02:39:01
10372,10,1372,688,49895.17,1505,2022-06-04 11:20:03
10373,15,1373,2645,9194.73,1886,2023-03-24 05:21:42
10374,15,1374,5362,74399.54,1592,2022-06-16 01:19:30
,5,1375,2288,77473.66,1646,2022-08-19 03:08:54
10376,1,1376,2569,13770.99,9677,2022-12-23 07:16:17
,15,1377,8236,69053.43,7422,2022-11-15 11:35:16
10378,18,1378,989,,353,2022-12-02 10:59:58
10379,12,1379,2724,,3447,2023-03-07 07:11:15
10380,19,1380,3998,,7360,2022-06-20 17:25:46
10381,7,1381,5279,16686.94,1664,2023-05-19 08:39:46
10382,5,1382,,,,
10383,3,1383,6468,55142.51,5263,2022-10-07 16:06:30
10384,12,1384,758,,3122,2022-10-16 10:04:26
10385,2,1385,7471,,3090,2022-11-21 08:52:51
10386,18,1386,9984,91064.39,1908,2023-02-09 07:29:11
10387,8,1387,6781,40471.66,2306,2023-05-04 13:08:03
10388,17,1388,1803,28457.64,2436,2022-10-25 08:11:47
10389,15,1389,6216,,4631,2022-08-17 00:07:42
,,1390,5284,,4576,2022-06-05 14:09:49
10391,11,1391,7275,56887.2,3265,2023-04-29 11:57:25
,4,1392,1699,,3937,2023-04-02 15:53:42
10393,15,1393,779,43295.08,6244,2022-08-19 16:59:34
10394,13,1394,9366,25570.1,7549,2022-10-20 23:47:42
10395,14,1395,3222,30584.73,9841,2023-03-21 06:23:02
10396,10,1396,6998,57919.4,1409,2023-05-15 17:02:32
10397,13,1397,4975,64688.4,8856,2022-09-26 17:35:33
10398,,1398,4616,19913.76,8483,2022-10-07 00:03:32
10399,4,1399,,84866.34,,
10400,7,1400,4895,,9637,2022-08-09 03:33:24
10401,7,1401,5500,,7829,2023-05-08 05:42:07
10402,18,1402,3529,,6462,2022-06-23 23:37:29
10403,14,1403,9908,24491.78,2301,2023-04-15 21:16:43
10404,14,1404,6448,47623.61,8521,2023-03-01 19:51:18
10405,19,1405,3417,60829.78,6073,2022-06-04 00:15:45
10406,19,1406,9126,85414.47,9627,2022-11-02 02:53:55
10407,16,1407,5078,88823.19,5816,2023-02-05 19:37:38
,3,1408,9187,53826.81,9230,2022-10-11 11:25:02
10409,16,1409,,27817.52,,
10410,12,1410,2378,,8119,2022-12-21 06:35:10
10411,10,1411,2525,25960.56,6787,2023-02-09 16:39:46
10412,1,1412,7061,8280.42,6305,2023-05-08 02:59:38
10413,3,1413,4588,21051.68,3022,2022-06-27 16:33:50
10414,1,1414,,30328.74,,
10415,2,1415,4507,766.8,6502,2023-02-08 05:45:43
10416,14,1416,7931,,1845,2022-11-28 00:15:42
10417,3,1417,6940,44011.17,3885,2023-04-12 10:00:18
10418,3,1418,5393,32860.15,130,2022-11-25 07:14:55
10419,13,1419,8369,,8567,2022-07-05 08:20:27
,13,1420,7179,274.68,9617,2023-03-09 05:47:01
10421,8,1421,7751,12915.57,1050,2022-07-22 17:09:09
10422,19,1422,2653,,963,2023-01-12 20:15:41
10423,15,1423,2678,27539.42,9822,2022-05-24 17:03:49
10424,13,1424,730,73896.05,1578,2023-03-31 00:51:17
10425,10,1425,6624,34214.99,2668,2022-08-10 15:45:02
10426,5,1426,8084,,9619,2022-08-12 01:01:56
,6,1427,5781,67733.36,823,2022-11-07 18:55:19
10428,17,1428,7388,53616.73,5416,2023-01-08 04:15:28
10429,20,1429,4744,51866.22,1999,2022-12-03 14:41:19
10430,,1430,4837,51628.57,4813,2022-10-23 20:21:29
10431,14,1431,94,66301.67,8964,2023-01-04 08:14:47
10432,3,1432,5691,,8322,2023-02-08 19:00:23
10433,14,1433,1787,19230.46,9372,2022-10-06 06:28:19
10434,8,1434,2483,26981.55,6047,2022-11-13 14:17:41
10435,12,1435,1381,55230.1,5134,2022-06-10 09:27:23
10436,9,1436,9855,54883.68,6703,2023-02-27 15:40:42
10437,15,1437,2491,31769.23,1276,2023-03-23 07:56:03
10438,18,1438,136,76415.5,4956,2022-09-22 12:33:03
10439,8,1439,1329,95507.67,301,2022-08-26 18:42:40
10440,4,1440,2813,28362.04,9871,2023-04-08 02:51:15
10441,1,1441,9822,58424.62,7937,2023-02-18 16:53:52
10442,16,1442,7329,52095.6,9367,2022-09-10 19:10:59
10443,9,1443,2850,,3732,2022-12-27 03:50:01
10444,20,1444,733,28048.87,185,2022-07-12 21:07:39
10445,14,1445,2884,58053.64,9703,2023-03-03 06:19:05
10446,5,1446,2163,56681.96,6541,2023-04-15 23:58:24
10447,11,1447,5658,90695.22,3128,2022-10-28 10:15:53
10448,14,1448,4384,68692.76,9917,2022-12-29 00:39:32
10449,17,1449,3877,35321.59,5355,2022-12-12 05:26:33
10450,14,1450,2890,5130.19,6530,2022-08-13 20:48:35
10451,11,1451,9593,80278.81,9875,2022-12-18 15:03:24
10452,,1452,,44272.76,,
10453,12,1453,4226,,5905,2022-08-31 11:06:48
10454,5,1454,1337,62128.06,7804,2022-09-19 07:14:32
10455,2,1455,7640,70930.53,7668,2022-07-26 05:41:37
,16,1456,3510,55192.35,8788,2023-02-01 21:50:27
10457,17,1457,4491,96723.65,4952,2022-09-15 23:05:51
10458,13,1458,,6518.31,,
10459,14,1459,2355,,756,2022-09-10 14:35:52
10460,20,1460,1201,5870.53,3931,2022-11-25 06:00:04
10461,19,,3724,23468.3,2404,2023-03-23 06:58:36
10462,6,1462,8401,85789.75,6209,2022-08-22 03:43:18
10463,13,1463,4795,82128.09,1755,2023-03-16 05:53:21
10464,15,1464,2435,27952.45,4368,2023-02-28 19:40:57
10465,20,1465,4927,91782.5,5424,2023-01-10 01:11:35
10466,6,1466,3579,91864.04,8711,2023-02-28 15:30:15
10467,7,1467,7726,93091.27,9777,2023-04-07 16:41:12
10468,15,1468,3794,73058.81,4773,2022-06-04 03:14:24
10469,15,1469,6540,27180.44,6901,2022-07-23 07:36:41
10470,3,1470,3767,48992.98,3007,2022-11-09 16:52:49
10471,1,1471,7461,64394.03,5048,2023-04-04 12:09:35
10472,,1472,3732,,6033,2022-06-16 14:47:32
10473,1,1473,2302,26488.47,9706,2023-01-01 01:09:19
10474,8,1474,5465,70175.16,1961,2022-11-11 08:26:15
10475,20,1475,,35727.17,,
10476,13,1476,8229,,5838,2023-05-15 16:59:58
10477,12,1477,4122,,4903,2022-08-31 23:00:08
10478,15,1478,4466,6718.05,2763,2022-09-15 01:00:44
,7,1479,5850,95004.31,7736,2022-09-09 10:33:10
10480,17,1480,3958,42193.06,6386,2023-04-06 03:57:05
10481,20,1481,9427,98422.0,6455,2022-11-05 06:21:07
10482,17,1482,7527,93538.04,5858,2022-08-07 16:21:45
10483,1,1483,8255,65445.72,2472,2023-02-16 21:09:44
,15,1484,4036,93247.48,2563,2023-03-25 18:54:26
10485,10,1485,5258,99531.91,4747,2022-08-18 08:26:39
10486,,1486,5713,95677.67,5490,2022-12-21 07:52:50
10487,14,1487,5292,56926.32,3153,2023-04-22 17:25:43
,11,1488,7149,44972.54,5259,2023-03-11 23:20:51
10489,,1489,3831,81984.99,7446,2022-08-01 07:39:26
10490,20,1490,2307,9327.86,5116,2023-01-15 05:50:31
10491,1,1491,2654,,343,2022-09-20 06:36:55
10492,19,1492,1299,2293.32,4666,2022-06-14 11:06:36
,9,1493,9541,,45,2022-07-28 21:54:36
10494,10,1494,697,38268.38,5500,2022-07-07 22:55:14
10495,13,1495,7445,26057.92,8491,2022-11-20 23:43:43
10496,14,1496,5868,18761.21,8351,2022-11-11 06:51:47
10497,5,1497,6895,62876.79,3632,2023-04-20 00:14:23
10498,1,1498,1335,,8535,2022-10-12 16:45:39
10499,15,1499,6102,46835.5,522,2023-02-08 02:32:32
10500,,1500,4899,63663.69,5191,2022-12-09 02:54:33
10501,13,1501,2453,20457.1,3080,2022-11-10 06:35:46
10502,10,1502,6262,49165.07,4269,2022-11-14 12:51:48
10503,9,1503,609,99493.7,9507,2023-03-22 17:04:29
10504,,1504,2393,75343.72,3243,2022-12-21 12:43:51
10505,20,1505,7975,19825.2,1284,2022-08-23 05:19:06
10506,12,1506,2726,32986.39,3016,2023-01-05 11:31:37
10507,2,1507,5243,10089.67,1158,2022-09-28 13:20:15
10508,17,1508,9657,13671.82,4812,2023-01-27 16:12:05
10509,11,1509,2784,82786.79,2302,2022-05-31 17:49:42
10510,,1510,2779,85324.12,2748,2022-10-11 07:13:18
10511,2,1511,8729,68614.25,1073,2023-01-10 08:27:40
10512,14,1512,2284,25634.18,963,2022-11-05 04:57:06
10513,10,1513,8416,28421.18,2626,2022-07-08 17:45:07
10514,15,1514,8279,5815.85,318,2023-05-21 05:14:10
10515,4,1515,2866,,5929,2022-11-16 00:29:43
10516,3,1516,473,86002.76,7289,2022-06-04 09:20:36
10517,13,1517,1539,70138.77,6031,2023-04-11 04:03:23
10518,14,1518,6903,33514.75,8374,2022-09-05 09:38:13
10519,12,1519,9559,,3454,2022-11-23 01:15:14
10520,19,1520,7378,,9821,2023-02-08 08:45:26
10521,7,1521,5169,21097.61,7407,2022-11-05 11:49:25
10522,14,1522,2468,11619.26,559,2022-11-07 07:30:28
10523,7,1523,8712,45225.39,2474,2023-02-24 14:52:33
10524,14,1524,4822,44434.28,2518,2022-06-04 17:22:16
10525,18,1525,5490,22484.89,6184,2022-09-02 20:49:02
10526,1,1526,1386,,1535,2022-06-20 22:10:50
10527,12,1527,47,,3993,2022-08-06 19:02:44
10528,2,1528,,5464.68,,
10529,14,1529,2379,8299.48,2920,2022-09-14 01:59:11
10530,,1530,889,31628.99,3458,2022-09-21 12:23:27
10531,15,1531,8085,51647.33,8931,2023-02-05 11:21:23
10532,1,1532,9352,78033.72,1120,2022-07-16 00:08:40
10533,16,1533,4699,80904.63,6022,2022-10-20 16:21:23
10534,,1534,9161,42304.36,6499,2023-01-06 22:35:57
10535,19,1535,595,19453.93,3871,2022-08-02 15:43:30
10536,19,1536,3957,25388.23,1995,2022-11-22 02:00:32
10537,18,1537,1047,,2553,2023-01-09 18:25:09
10538,10,1538,7732,22017.41,7751,2022-12-10 11:06:14
10539,7,1539,7418,,6562,2022-12-06 01:46:24
10540,19,1540,1048,,3685,2022-12-12 22:34:49
10541,4,1541,5260,24055.09,7576,2022-11-07 03:38:16
10542,,1542,9448,28585.17,820,2022-10-09 13:45:54
10543,11,1543,2628,,1212,2023-05-15 21:55:04
10544,8,1544,1455,93555.65,8304,2022-11-06 06:33:31
,12,1545,7630,10878.07,5550,2022-07-02 09:35:13
10546,,1546,9191,,8381,2022-08-09 14:51:14
,10,1547,,42957.25,,
10548,2,1548,8310,,8778,2022-12-14 08:25:30
10549,4,1549,7460,,4352,2023-03-25 19:03:20
10550,6,1550,6265,83013.82,2918,2022-09-17 13:32:12
10551,7,1551,299,7314.5,5888,2022-09-13 17:46:57
10552,18,1552,,66690.6,,
10553,19,1553,5540,,5223,2023-02-26 19:31:32
10554,19,1554,4930,64347.91,501,2022-12-14 07:09:19
10555,,,8371,2378.0,809,2023-04-18 07:01:42
10556,15,1556,4968,17965.75,8456,2022-11-20 20:39:37
10557,14,1557,1833,32850.21,9998,2022-08-31 07:56:30
10558,8,,871,15876.15,9742,2022-12-01 19:54:04
10559,4,1559,3086,2138.86,1954,2022-08-23 03:28:57
10560,14,1560,7666,40640.5,2023,2022-12-20 19:26:44
,8,1561,4044,33185.05,4120,2023-02-02 20:04:03
,3,1562,1268,53761.5,345,2022-06-21 12:14:41
10563,13,1563,165,96533.82,9176,2022-10-09 09:20:36
10564,6,1564,5183,,284,2023-01-12 05:52:09
10565,7,1565,1015,40940.84,859,2022-06-08 21:51:15
10566,9,1566,1053,74338.26,5837,2022-09-21 03:00:38
10567,5,1567,1220,,1434,2023-04-22 21:35:09
10568,20,1568,7566,82110.43,4794,2022-06-01 01:28:32
10569,12,1569,7470,,4265,2023-01-17 01:27:48
10570,16,1570,9001,,6042,2023-05-10 01:28:42
10571,9,1571,,24435.55,,
,9,1572,2670,33191.34,9662,2022-11-25 11:53:24
10573,15,1573,4214,49151.76,9093,2022-06-20 01:56:06
10574,12,1574,,29755.41,,
10575,8,1575,2499,87296.61,2605,2023-04-29 15:44:06
10576,6,1576,6283,20790.73,8949,2022-09-22 17:42:25
10577,18,1577,8679,7378.1,3891,2022-08-20 01:27:56
10578,14,1578,1085,49935.22,3400,2022-10-27 18:17:58
10579,16,1579,5022,19601.54,7806,2022-08-16 01:55:23
10580,20,1580,1186,,9861,2022-10-24 03:12:17
10581,6,1581,,80014.72,,
10582,13,1582,,80016.9,,
10583,7,1583,2190,83625.94,7772,2023-03-20 20:50:13
10584,,1584,2740,68535.4,2459,2023-02-18 19:00:42
,20,1585,2658,18143.97,5576,2023-03-13 06:41:00
,13,1586,9795,22837.31,8353,2022-06-30 16:14:30
10587,20,1587,8028,81080.74,3354,2022-07-17 19:24:36
10588,18,1588,7292,46559.18,6184,2022-10-14 22:17:12
10589,20,1589,5587,7534.02,6596,2022-09-19 09:41:31
,9,1590,2044,92812.44,8387,2023-03-28 13:16:12
10591,1,1591,1577,74113.74,123,2022-10-08 03:25:04
10592,1,1592,5408,9118.88,4104,2023-02-22 23:22:56
10593,11,1593,8999,47296.82,5840,2022-12-08 19:54:08
10594,4,1594,969,46559.91,2870,2022-05-28 14:47:20
10595,10,1595,1650,62819.98,9302,2022-10-06 18:58:40
10596,9,1596,9710,73498.8,5411,2022-09-16 11:09:28
10597,,1597,4543,,7860,2022-10-12 23:39:11
10598,,1598,7463,79861.32,4740,2023-05-01 01:28:02
10599,7,1599,3887,,8384,2023-03-08 02:59:47
10600,18,1600,4287,69915.59,1949,2023-04-21 16:10:11
10601,14,1601,2792,75410.56,9181,2022-12-05 14:09:02
10602,3,1602,6164,21587.3,5896,2023-04-22 20:12:05
10603,11,1603,414,71804.74,5762,2023-01-18 20:54:58
10604,14,1604,2287,74761.39,1846,2022-09-22 04:50:06
10605,4,1605,6761,10181.88,8509,2022-09-25 01:50:31
10606,11,1606,9194,7023.06,5788,2023-01-12 05:39:30
10607,4,1607,5592,10777.12,2231,2022-10-28 14:15:09
10608,19,1608,6989,,772,2022-10-13 16:26:28
10609,18,1609,3401,42600.23,4788,2023-01-15 10:34:28
,5,1610,283,6384.04,4375,2023-05-19 15:58:02
10611,19,1611,9212,68771.95,7365,2023-01-12 03:16:17
10612,18,1612,2675,93761.54,7473,2022-09-10 16:09:04
10613,6,,8253,43303.88,7243,2022-11-29 20:53:43
10614,,1614,6736,2050.85,4760,2022-12-08 07:50:39
10615,4,1615,1622,16430.17,5901,2022-10-15 23:04:30
10616,15,1616,1311,35210.8,8288,2022-12-14 23:31:19
,7,,9381,12397.45,561,2022-08-28 19:24:02
10618,3,1618,9023,87445.5,2540,2023-04-12 18:48:45
10619,2,1619,568,,6099,2022-08-17 05:55:11
10620,17,1620,9095,54325.69,9041,2023-03-21 06:01:32
,14,1621,,3179.41,,
10622,10,1622,8092,30731.89,9113,2022-09-19 22:55:21
10623,19,1623,2834,6319.49,8076,2023-04-27 15:24:32
10624,15,1624,5384,66827.98,4962,2022-06-29 01:12:38
10625,7,1625,7177,5979.02,9950,2023-01-31 03:42:26
10626,19,1626,1675,40606.09,6901,2022-07-13 11:57:45
10627,11,1627,9995,8923.67,3194,2023-04-17 01:24:01
10628,4,1628,2769,84931.4,9318,2023-03-27 00:12:00
,3,1629,5380,,723,2022-06-17 02:34:11
,2,1630,6538,41897.46,4247,2022-06-19 03:36:30
10631,12,1631,2251,63828.12,7717,2023-02-03 02:50:12
,12,1632,492,,7448,2022-06-10 08:12:40
10633,3,1633,3435,,6364,2022-09-21 10:26:12
10634,18,1634,8714,,473,2022-10-03 04:02:33
10635,14,1635,8494,,8637,2023-01-20 06:17:14
,16,1636,1982,97534.71,806,2023-05-05 10:52:18
10637,15,1637,,72041.95,,
10638,11,1638,5133,58480.02,921,2022-11-27 16:10:24
10639,2,1639,6517,7335.24,7085,2022-09-30 08:51:03
10640,,1640,2611,39664.71,8072,2022-07-29 21:55:15
,3,1641,,16375.51,,
10642,17,1642,9275,89955.64,3043,2023-05-07 04:44:14
10643,17,1643,6794,61345.4,684,2022-08-21 13:19:43
10644,18,1644,1991,12674.68,7943,2023-04-19 13:19:38
10645,10,1645,5444,27496.7,3551,2023-03-28 02:08:28
10646,,1646,2768,37996.46,446,2022-11-22 12:42:32
10647,9,1647,2952,,5025,2022-08-25 16:19:52
10648,4,1648,2091,21493.04,5703,2023-04-10 16:18:46
10649,4,,1302,79632.34,3568,2023-05-19 01:04:06
10650,6,1650,3532,24556.95,7595,2022-12-15 09:31:30
10651,,1651,8884,34645.42,1549,2023-03-16 02:14:50
10652,4,1652,7205,52271.66,212,2022-11-09 09:02:48
,15,1653,5286,15242.96,8479,2023-01-22 15:04:34
10654,2,1654,,49766.27,,
10655,2,1655,5595,81319.27,34,2022-10-23 19:22:22
10656,,1656,2911,51843.66,4580,2022-06-20 02:06:57
10657,12,,2223,57735.9,6437,2022-07-06 19:21:58
,20,1658,6157,53676.03,103,2022-06-23 22:39:04
,15,1659,2486,69581.45,1591,2022-12-08 14:26:12
,10,1660,8397,6748.4,8711,2022-07-09 14:52:45
10661,6,1661,6682,24296.49,4855,2023-01-31 14:29:05
10662,5,1662,9883,63639.06,757,2022-10-22 10:15:50
10663,6,1663,1984,84744.1,5120,2023-04-27 06:00:42
10664,15,1664,123,26279.06,4939,2022-11-22 13:19:32
10665,3,1665,1312,86672.82,3610,2022-12-26 20:52:00
10666,8,1666,3398,37147.21,9322,2022-09-26 17:19:34
10667,17,1667,4464,68607.99,3175,2023-04-14 09:03:23
10668,16,1668,,,,
,7,1669,9172,74618.32,6143,2022-09-29 10:28:47
10670,1,1670,5550,29915.82,9182,2023-05-16 23:07:25
10671,17,1671,8331,85168.81,5948,2022-12-02 17:56:11
10672,19,1672,6880,49943.77,7761,2023-03-06 23:46:17
10673,10,1673,1316,55220.02,7387,2022-11-28 22:04:13
10674,8,1674,3257,54897.47,5698,2022-12-29 13:29:17
10675,2,1675,,47910.59,,
10676,18,1676,3529,89653.87,557,2022-06-06 19:37:11
10677,2,1677,9496,39652.58,1326,2023-03-05 08:22:59
10678,,1678,3435,76417.17,6883,2023-04-13 04:53:24
10679,9,1679,9367,61123.09,5887,2022-05-29 08:22:04
,1,1680,9998,53033.76,4245,2022-12-09 14:20:07
10681,14,1681,,19359.74,,
10682,11,1682,9860,94771.74,917,2022-10-10 05:54:06
10683,6,1683,4797,52995.39,9747,2023-04-14 07:22:17
10684,17,1684,8711,71261.71,7511,2022-10-27 11:55:31
10685,18,1685,4826,42221.4,4655,2022-07-11 20:54:14
,3,1686,4555,,1391,2022-06-08 04:17:18
10687,7,1687,9311,,1290,2022-07-06 18:00:57
10688,16,1688,4292,43878.98,2103,2023-03-15 21:32:45
10689,16,1689,3218,21502.93,8105,2023-03-16 23:18:32
10690,1,1690,435,41309.1,8353,2022-10-18 08:18:31
10691,18,1691,1677,77082.91,722,2022-06-02 13:11:06
10692,,1692,5619,89648.01,3887,2023-02-22 03:38:48
10693,18,1693,3608,58085.02,5545,2022-07-29 13:26:59
10694,2,1694,5257,59995.49,6977,2022-08-18 16:29:13
10695,20,1695,6350,67099.84,5348,2023-03-28 07:14:41
10696,16,1696,5064,34175.3,7639,2023-04-21 15:21:43
10697,,1697,3882,86869.15,6460,2023-03-24 19:14:40
,10,1698,9675,92259.62,2574,2022-11-03 17:53:56
10699,8,1699,7829,25093.52,5788,2023-04-29 07:01:19
10700,19,1700,1934,56799.06,1289,2022-08-05 11:09:45
10701,10,1701,,,,
10702,19,1702,7956,5132.38,1253,2022-10-10 05:07:38
10703,8,1703,,51457.98,,
10704,1,1704,1035,87312.44,3010,2023-05-07 20:13:14
10705,1,1705,7960,22529.63,748,2023-03-11 13:20:10
10706,4,1706,7347,31765.19,1637,2023-02-28 16:17:38
10707,15,1707,5730,47778.16,3218,2022-08-16 17:04:14
10708,1,1708,476,46757.09,4775,2022-08-10 06:33:27
10709,18,1709,612,16007.8,4225,2023-02-23 12:13:44
10710,2,1710,7243,26174.17,3346,2022-06-06 18:09:38
10711,12,1711,4396,39426.3,9014,2023-03-30 20:07:56
10712,2,1712,5400,54454.84,3850,2022-07-30 02:52:45
10713,4,1713,6464,44873.26,3933,2022-06-29 08:50:04
10714,,1714,8644,8846.56,1677,2022-12-11 05:26:37
10715,19,1715,8583,,9658,2022-12-14 04:04:30
10716,15,1716,,,,
10717,2,1717,,20712.01,,
10718,18,1718,4627,18957.59,6922,2022-09-20 00:19:08
,,1719,161,,7074,2023-03-08 16:52:14
,9,1720,2900,47719.7,890,2022-12-21 00:05:16
10721,10,1721,733,3305.42,589,2023-04-02 23:43:27
10722,2,1722,259,,6563,2022-11-05 04:40:23
10723,8,1723,8575,93892.06,6694,2022-09-25 19:45:35
10724,4,1724,7435,71542.09,2862,2023-02-05 08:46:59
10725,4,,3883,,5683,2022-08-05 19:06:38
,7,1726,6966,25396.8,1672,2022-08-13 04:21:20
10727,3,1727,2932,82007.65,7743,2023-05-22 17:16:49
10728,4,1728,7341,14995.72,7058,2022-12-06 06:20:11
10729,19,1729,3689,,9733,2022-11-16 19:33:02
10730,11,1730,8546,91600.6,6934,2023-05-02 08:03:44
10731,1,1731,6480,4923.71,825,2022-10-15 23:08:30
10732,5,1732,7880,61322.0,1195,2022-06-10 15:53:41
10733,7,1733,2354,,4616,2023-03-21 16:42:16
10734,20,,761,88866.67,3187,2023-04-11 17:27:40
10735,14,1735,2256,98954.99,9252,2022-10-18 02:23:15
10736,1,1736,,8732.3,,
10737,13,1737,392,36963.99,2719,2022-12-01 16:10:17
10738,16,1738,1509,660.17,9557,2022-08-18 22:56:42
10739,12,1739,9014,60899.66,9033,2022-08-23 01:09:02
10740,,1740,4261,66788.26,841,2023-01-07 21:20:02
10741,7,1741,4444,,6867,2023-03-31 16:55:23
10742,3,1742,1145,5358.09,1559,2023-02-03 14:55:33
10743,6,1743,5817,,5793,2022-12-30 12:27:19
10744,10,1744,5111,76627.35,5910,2022-12-25 14:55:57
10745,8,1745,3233,68079.1,8016,2022-08-28 06:55:36
10746,15,1746,7469,21239.58,6452,2023-01-25 22:07:47
10747,14,1747,7993,12543.63,8452,2022-09-22 01:28:32
10748,9,1748,6100,,8016,2022-09-09 14:02:41
10749,3,1749,9543,,9190,2023-04-13 21:15:54
10750,19,1750,7938,82678.17,5782,2022-12-06 23:04:50
10751,16,1751,5775,62044.91,681,2022-11-29 07:44:32
,9,1752,2946,93580.91,2633,2022-12-25 03:40:46
10753,16,1753,1445,84335.45,5260,2023-01-06 04:46:26
,2,1754,8099,58487.1,3590,2022-12-06 14:01:34
10755,5,1755,1642,77533.44,1484,2022-06-29 00:39:01
10756,10,1756,1129,16113.59,433,2022-12-24 05:50:40
10757,6,1757,7044,11366.68,8847,2023-01-22 23:58:55
10758,10,1758,9492,68378.99,8281,2023-04-07 20:58:26
10759,16,1759,5774,5063.7,9716,2022-07-19 17:10:52
,8,1760,9855,9062.66,3911,2023-03-15 11:52:09
10761,8,1761,,49823.48,,
,10,1762,7527,75320.32,6298,2022-09-24 12:21:54
10763,17,1763,6968,17353.63,5314,2023-04-09 09:13:25
10764,6,1764,7226,68135.87,9588,2023-03-06 20:16:26
10765,9,1765,5248,80971.64,9715,2022-10-11 07:17:11
10766,16,1766,3773,3755.52,6122,2022-06-11 23:42:20
10767,,1767,3352,63003.72,6650,2022-06-19 07:02:57
10768,10,1768,1380,81627.63,8473,2023-02-28 10:30:23
10769,2,1769,2181,73676.27,2646,2022-07-25 20:53:50
10770,2,1770,982,13502.56,2251,2022-05-30 16:08:41
10771,16,,453,30580.09,1166,2022-10-05 13:46:32
10772,13,1772,1133,44987.29,1283,2023-01-03 04:19:20
10773,12,,133,47910.96,7782,2022-09-11 03:43:06
,2,1774,6019,5437.21,3066,2023-02-16 23:49:10
10775,12,1775,5536,2088.86,9246,2022-08-04 18:46:12
10776,4,1776,1357,80431.06,7017,2023-04-17 05:24:24
10777,,1777,,50810.66,,
10778,,1778,7213,,2183,2023-02-01 14:36:42
10779,19,1779,4772,63114.29,235,2022-09-01 04:28:55
10780,7,,8604,89110.91,4972,2022-07-14 10:58:47
10781,10,1781,5429,43735.96,5112,2022-09-11 00:05:54
10782,11,1782,4265,71244.72,4582,2023-01-09 10:17:04
10783,10,1783,2548,11078.38,3246,2022-09-24 17:36:54
10784,1,1784,9355,10901.69,4992,2022-08-08 11:54:32
10785,7,1785,6495,45460.05,9755,2022-08-13 07:53:04
10786,10,1786,4154,35702.69,411,2023-04-06 06:03:25
,14,1787,6533,14427.19,8055,2022-12-29 08:08:19
10788,15,1788,6972,23418.36,1275,2023-03-08 16:38:19
10789,17,1789,1478,7776.51,3206,2022-06-01 14:45:58
10790,5,1790,666,,1486,2023-02-01 18:34:53
10791,14,,5702,96554.45,5819,2022-06-05 19:20:32
10792,16,1792,2186,89011.54,9145,2022-09-17 21:34:13
10793,19,1793,6290,,4112,2023-03-20 09:11:21
10794,1,1794,2208,57085.88,1633,2022-09-25 07:41:26
10795,,1795,1615,,2040,2022-10-05 17:01:22
10796,3,1796,3121,99902.13,5734,2023-01-17 05:05:23
10797,4,1797,5949,38276.43,2761,2022-12-22 03:33:41
10798,8,,1874,81680.66,6661,2022-08-04 09:49:55
10799,2,1799,4048,7537.99,3649,2022-07-31 03:17:39
10800,1,1800,2310,,7166,2023-04-01 20:54:22
10801,,1801,118,,7422,2023-05-22 12:21:50
10802,1,1802,8439,73170.8,4249,2022-06-16 02:21:30
10803,10,1803,9351,12249.39,7569,2022-06-26 02:04:07
10804,11,1804,6260,88004.14,1946,2023-03-07 01:38:43
10805,16,1805,8843,5255.65,2198,2022-09-15 09:30:08
10806,6,1806,4337,57150.7,9451,2022-07-06 16:23:42
,14,1807,8797,459.02,2526,2023-02-16 21:39:13
10808,19,1808,6512,28596.81,4958,2023-01-19 04:20:17
10809,15,1809,4838,94334.94,5439,2022-09-16 07:26:39
10810,6,1810,6878,,381,2022-09-24 07:29:14
10811,13,1811,4354,,9997,2022-06-10 23:01:49
10812,,1812,6777,56852.46,4741,2022-05-24 09:01:07
10813,9,1813,4590,89684.91,3836,2023-05-06 15:18:55
10814,,1814,9014,75702.96,2946,2022-12-01 17:01:37
10815,5,1815,6120,41414.35,7142,2022-07-11 06:00:28
10816,2,1816,7074,34684.96,5468,2023-01-07 21:22:57
10817,,1817,3920,56493.12,4330,2022-11-28 06:44:53
10818,20,1818,2,64694.06,7356,2023-03-30 07:04:43
10819,13,1819,6402,,4972,2022-09-06 13:18:39
10820,5,1820,8754,,3741,2023-04-11 03:43:33
10821,13,1821,2178,77763.66,395,2023-03-10 01:51:41
,8,1822,2947,10274.37,7520,2022-06-13 05:44:11
10823,4,1823,,10327.36,,
,11,1824,9853,87883.71,2299,2022-12-19 04:13:34
10825,4,1825,9747,46894.62,2745,2022-06-28 07:27:57
10826,2,1826,2544,88718.01,7597,2022-11-21 02:35:53
10827,8,1827,5084,15980.55,699,2022-06-28 00:02:43
10828,11,1828,134,2064.7,3982,2022-11-01 18:15:53
10829,2,1829,559,59307.75,3730,2022-10-14 20:14:23
10830,12,1830,74,,939,2022-11-01 23:21:00
10831,9,1831,,10114.87,,
10832,2,1832,6818,17661.61,7127,2023-02-22 11:51:09
,12,1833,7440,24209.52,7765,2023-05-07 10:40:18
10834,7,1834,6419,59972.1,2218,2023-04-18 16:54:57
10835,6,1835,365,25132.7,3885,2022-11-17 11:42:20
10836,20,1836,,78917.69,,
10837,10,1837,8996,65199.46,4868,2022-12-18 14:31:58
,14,1838,4615,32538.23,7042,2022-11-03 05:57:00
10839,11,1839,7142,19163.63,9137,2022-06-25 00:41:01
10840,14,1840,1371,56990.07,4988,2023-02-05 03:37:26
10841,9,1841,7283,43672.71,623,2022-10-13 01:02:55
10842,13,1842,6049,10178.6,3742,2023-04-17 13:24:09
10843,18,1843,4407,,2293,2022-06-21 21:22:00
10844,4,1844,5399,39618.27,9236,2023-04-03 20:15:54
10845,12,1845,2579,,8187,2022-08-18 23:40:01
10846,16,1846,634,,1770,2022-12-29 13:46:05
,15,1847,4542,91898.94,5621,2023-03-12 17:18:15
,17,,3571,,5171,2022-08-24 17:52:02
10849,1,1849,4097,29048.46,6587,2022-12-17 01:40:08
10850,4,1850,9256,,6397,2022-08-14 21:36:26
10851,2,1851,7109,29654.55,4520,2023-03-16 00:33:46
,10,1852,2059,70050.65,4464,2023-03-13 23:25:57
10853,13,1853,3487,74205.69,3030,2022-12-29 10:24:18
10854,14,1854,,63919.6,,
10855,12,1855,8774,39535.05,6800,2023-03-09 23:25:30
10856,4,1856,2341,86256.46,287,2022-11-02 17:33:19
10857,7,1857,8389,17505.73,2502,2022-08-29 05:51:46
10858,2,1858,2818,85062.75,6928,2022-12-29 00:15:58
,,1859,7787,10981.49,3037,2022-08-24 20:59:48
10860,20,1860,778,,2636,2022-10-13 20:27:10
,5,1861,4295,68169.54,5428,2023-04-23 06:59:42
10862,4,1862,7128,46216.75,5926,2022-06-14 13:24:00
10863,16,1863,2423,52730.6,6844,2022-12-18 14:52:44
10864,3,1864,7754,16220.47,9871,2022-07-26 21:30:40
10865,7,1865,9525,81052.75,2349,2023-01-19 19:31:13
,12,1866,546,14449.31,1420,2023-04-05 19:57:47
10867,9,1867,2547,82032.42,2952,2023-02-26 04:30:26
10868,4,1868,6520,61087.64,1498,2022-11-29 12:20:19
,12,1869,4369,22155.79,6059,2022-09-29 15:43:39
10870,3,1870,8871,75451.34,7174,2022-08-19 04:54:08
10871,1,1871,3779,42960.93,9131,2023-04-19 03:45:50
,14,1872,2017,54134.49,1884,2023-03-08 15:58:30
10873,,,6666,7635.29,6837,2023-03-11 17:22:52
10874,17,1874,343,28826.59,7289,2023-04-05 23:20:08
10875,12,1875,7295,9942.06,2635,2022-09-01 16:09:28
10876,20,1876,,3.45,,
10877,6,1877,6717,1204.68,4261,2022-12-25 18:51:40
10878,5,1878,4657,,3747,2023-04-30 23:00:34
10879,7,1879,2702,,5745,2022-08-17 12:11:24
10880,7,1880,3032,77481.96,6604,2023-04-14 23:36:19
10881,4,1881,3787,64221.21,8527,2023-02-22 18:04:31
,2,1882,6057,71588.8,4925,2022-06-16 01:51:47
10883,18,1883,6945,73849.31,9304,2023-01-17 18:02:30
10884,3,1884,3252,10846.53,7511,2022-12-20 10:02:03
10885,1,1885,7301,52538.68,8035,2023-01-23 07:11:33
10886,16,1886,8110,76096.26,734,2022-05-24 22:36:32
,9,1887,,77702.12,,
,12,1888,8277,90786.01,4289,2023-02-23 03:05:11
10889,20,1889,4175,73389.14,4619,2023-01-23 00:34:39
10890,12,1890,6465,46764.65,5016,2022-06-06 09:16:04
10891,9,1891,363,,6885,2022-07-13 15:54:56
10892,7,1892,659,67305.89,4001,2022-08-19 15:58:18
10893,10,1893,7777,66587.88,6056,2022-10-12 07:58:13
10894,19,1894,9179,,2859,2022-11-15 05:31:43
10895,19,1895,8686,26807.63,4576,2022-07-26 05:24:49
10896,5,1896,9994,40678.32,357,2023-03-03 21:13:05
10897,19,1897,5118,,3154,2023-05-09 02:40:52
10898,5,1898,1186,77067.95,8692,2022-12-21 02:11:27
10899,20,1899,2383,60036.96,5430,2022-07-26 01:29:07
10900,,1900,6369,3088.05,9507,2022-09-21 07:30:01
10901,8,1901,6851,49515.81,4483,2022-09-02 17:24:37
,,1902,9360,,9912,2022-08-25 03:52:25
10903,,1903,,6397.36,,
10904,1,1904,4788,81174.0,1585,2022-06-12 01:46:13
10905,15,1905,6186,82175.42,7627,2022-09-01 04:33:59
10906,20,1906,7071,92415.85,399,2022-08-18 02:15:07
10907,6,1907,1742,35674.66,3352,2023-02-27 16:33:41
10908,17,1908,9420,18184.57,651,2022-09-04 11:19:17
10909,9,1909,9994,78381.16,148,2022-08-13 19:35:46
10910,6,1910,8708,,9321,2022-07-21 23:52:40
10911,10,1911,3925,87178.56,4065,2022-10-12 04:34:27
10912,2,1912,5423,86485.7,9966,2023-01-12 16:48:52
,9,1913,3061,,3496,2022-12-07 21:05:55
10914,18,1914,2336,,294,2023-05-06 21:53:02
10915,18,1915,5158,40976.44,1452,2023-04-18 18:21:43
10916,15,1916,5002,63360.16,8332,2023-03-06 14:57:32
10917,,1917,839,53052.73,8587,2023-02-06 23:07:09
10918,,1918,4076,78663.86,5495,2022-11-20 16:31:42
10919,,1919,8148,,7010,2022-06-03 05:15:48
10920,19,1920,,82926.32,,
10921,2,1921,,35332.29,,
10922,18,1922,6969,28050.95,5702,2022-06-08 17:41:38
10923,,1923,8321,77898.41,1154,2023-02-10 04:19:08
10924,5,1924,4469,73797.72,7822,2023-01-11 05:47:17
10925,12,,572,61256.1,7373,2022-08-24 16:18:12
,13,1926,7418,13569.09,2672,2023-05-03 03:55:52
10927,3,1927,9121,65632.19,859,2022-06-20 08:06:17
10928,6,,,1849.93,,
10929,13,1929,9911,34885.72,7282,2023-05-04 20:57:17
10930,20,1930,5627,68434.2,9111,2022-06-06 01:42:50
10931,15,1931,3693,31286.8,5455,2023-01-18 15:51:40
10932,3,1932,8235,13705.38,8687,2022-10-18 18:23:57
10933,13,1933,6809,35615.74,3624,2022-06-20 23:34:43
10934,7,1934,267,96870.55,7412,2022-11-17 19:12:13
10935,13,1935,1990,56601.93,8842,2023-02-18 12:33:05
10936,3,1936,6918,99586.92,6098,2022-08-06 03:55:09
10937,14,1937,478,74217.46,3996,2023-05-10 21:59:26
10938,9,1938,5005,11597.49,6595,2022-11-03 16:53:22
10939,3,1939,5177,29109.04,8429,2022-08-07 01:50:33
10940,4,1940,726,,1523,2023-03-06 14:51:31
10941,18,1941,3171,8333.46,7098,2023-05-01 09:52:27
10942,,,9268,60713.62,4871,2023-01-24 20:19:02
10943,7,1943,3852,54769.86,8298,2022-10-09 07:07:55
10944,12,1944,7003,,3958,2022-08-06 02:26:51
10945,8,1945,2777,12822.04,6736,2022-08-19 22:03:00
10946,7,1946,2241,74251.98,1223,2023-03-22 15:43:16
10947,8,1947,1767,,1955,2022-10-27 10:25:07
10948,2,1948,9719,,936,2023-03-08 04:01:53
10949,10,1949,3834,64768.97,4241,2022-12-01 17:03:55
10950,14,,8651,49113.76,4310,2022-05-24 03:42:32
10951,11,1951,9091,59266.07,6207,2022-12-25 10:44:50
10952,3,1952,9297,,1626,2023-01-27 21:04:29
10953,14,1953,9056,38096.84,7354,2022-11-24 15:16:26
10954,17,1954,2695,,1544,2022-12-28 01:36:53
10955,5,1955,3432,19747.06,5274,2022-08-29 23:55:54
10956,8,1956,6575,2253.58,4296,2022-07-27 05:00:06
10957,18,1957,9277,97793.7,5014,2023-03-18 00:25:59
,20,1958,9393,53592.9,8052,2022-08-20 15:00:50
10959,1,1959,3107,12070.25,4361,2022-11-19 20:02:20
10960,16,1960,5641,65505.06,5854,2023-03-29 20:17:01
10961,13,1961,3697,56899.56,3883,2022-07-14 19:57:29
10962,18,1962,2140,78786.79,206,2023-05-07 20:48:35
10963,15,1963,1408,15592.02,2438,2023-02-20 11:56:49
10964,,1964,6788,,8159,2023-03-20 09:55:17
10965,12,1965,2315,48029.15,6828,2023-01-14 20:44:50
10966,10,1966,7683,35462.66,8979,2022-09-20 02:19:26
,2,1967,3847,98830.69,3294,2023-04-13 16:47:09
10968,10,1968,1104,60085.33,8966,2022-06-30 08:17:11
10969,11,1969,6668,74998.61,8627,2022-09-30 04:17:28
10970,9,1970,7154,27523.72,6100,2023-02-10 22:19:39
10971,12,1971,2061,93130.49,8552,2022-11-04 20:05:58
10972,13,1972,4368,90032.64,466,2023-01-22 02:12:52
10973,14,1973,3011,,7751,2022-11-16 21:27:37
10974,8,1974,4155,80666.69,507,2022-10-27 19:22:10
10975,7,1975,2194,,1560,2022-10-01 19:10:15
10976,17,1976,2235,14831.65,2139,2023-04-04 05:21:09
,19,1977,4248,22823.8,1814,2023-05-08 08:01:41
10978,11,1978,4661,,677,2022-12-20 07:41:22
10979,15,1979,8790,41902.79,702,2022-11-01 05:56:11
10980,,1980,9329,44350.53,2467,2023-03-23 23:40:34
,2,1981,4576,16233.99,3630,2022-09-25 15:28:29
10982,11,1982,6239,57846.29,6814,2022-07-27 16:15:04
10983,12,1983,346,,9130,2022-06-17 22:30:01
,9,1984,3846,72002.79,2343,2022-10-10 02:31:45
10985,10,1985,1384,10871.92,8429,2022-06-25 23:48:28
,14,1986,8304,33604.21,296,2022-08-17 16:34:27
10987,16,1987,9346,67725.56,3464,2022-10-29 16:30:34
,13,1988,3162,93509.21,2186,2023-04-03 01:49:17
10989,4,1989,904,66887.78,1914,2022-07-01 12:23:36
10990,3,1990,5740,36451.69,6092,2023-04-07 17:01:18
10991,16,1991,2887,4287.09,4611,2022-12-17 17:09:43
10992,20,1992,7924,41954.25,9162,2022-05-31 16:15:47
,10,1993,7788,8874.51,5321,2022-08-10 07:58:04
10994,12,1994,8753,82374.74,8452,2022-11-20 01:20:55
10995,7,,,48134.6,,
10996,,1996,8842,,9342,2022-10-22 08:15:16
10997,13,1997,5516,88725.77,9055,2022-12-05 13:32:48
10998,18,1998,,,,
10999,15,1999,8333,36610.88,4671,2022-11-07 07:03:00
11000,3,2000,7164,77989.15,9851,2022-06-27 09:53:58
